<?xml version="1.0"?>
<data grt_format="2.0" document_type="MySQL Workbench Model" version="1.4.4">
  <value type="object" struct-name="workbench.Document" id="{CEB768EA-AF7F-4613-89D0-5DDB7D1C424F}" struct-checksum="0x7131bf99">
    <value type="object" struct-name="workbench.logical.Model" id="{D73C120F-347F-46C0-8741-91D3D6CD40A5}" struct-checksum="0xf4220370" key="logicalModel">
      <value _ptr_="0000025D422D4BA0" type="list" content-type="object" content-struct-name="workbench.logical.Diagram" key="diagrams"/>
      <value _ptr_="0000025D446E4F20" type="dict" key="customData"/>
      <value _ptr_="0000025D422D51C0" type="list" content-type="object" content-struct-name="model.Marker" key="markers"/>
      <value _ptr_="0000025D446E5040" type="dict" key="options"/>
      <value type="string" key="name"></value>
      <link type="object" struct-name="GrtObject" key="owner">{CEB768EA-AF7F-4613-89D0-5DDB7D1C424F}</link>
    </value>
    <value _ptr_="0000025D422D5150" type="list" content-type="object" content-struct-name="workbench.OverviewPanel" key="overviewPanels"/>
    <value _ptr_="0000025D422D4A50" type="list" content-type="object" content-struct-name="workbench.physical.Model" key="physicalModels">
      <value type="object" struct-name="workbench.physical.Model" id="{20140A29-6F48-4986-8304-4E87CB8153DA}" struct-checksum="0x5f896d18">
        <value type="object" struct-name="db.mysql.Catalog" id="{F3265CEB-E273-4CEC-AB6F-280A65C6AAF2}" struct-checksum="0x82ad3466" key="catalog">
          <value _ptr_="0000025D422D5070" type="list" content-type="object" content-struct-name="db.mysql.LogFileGroup" key="logFileGroups"/>
          <value _ptr_="0000025D422D55B0" type="list" content-type="object" content-struct-name="db.mysql.Schema" key="schemata">
            <value type="object" struct-name="db.mysql.Schema" id="{92F9EA2F-526E-4E5A-B04D-9B5A5A807C68}" struct-checksum="0x20b94c22">
              <value _ptr_="0000025D422D6DC0" type="list" content-type="object" content-struct-name="db.mysql.RoutineGroup" key="routineGroups"/>
              <value _ptr_="0000025D422D6960" type="list" content-type="object" content-struct-name="db.mysql.Routine" key="routines"/>
              <value _ptr_="0000025D422D7840" type="list" content-type="object" content-struct-name="db.mysql.Sequence" key="sequences"/>
              <value _ptr_="0000025D422D6490" type="list" content-type="object" content-struct-name="db.mysql.StructuredDatatype" key="structuredTypes"/>
              <value _ptr_="0000025D422D7A70" type="list" content-type="object" content-struct-name="db.mysql.Synonym" key="synonyms"/>
              <value _ptr_="0000025D422D7AE0" type="list" content-type="object" content-struct-name="db.mysql.Table" key="tables">
                <value type="object" struct-name="db.mysql.Table" id="{64658331-60DB-474D-AA33-23D2436FD3A3}" struct-checksum="0x4564421a">
                  <value type="string" key="avgRowLength"></value>
                  <value type="int" key="checksum">0</value>
                  <value _ptr_="0000025D4A3DBE00" type="list" content-type="object" content-struct-name="db.mysql.Column" key="columns">
                    <value type="object" struct-name="db.mysql.Column" id="{07AD8E13-DE62-4F2F-9C63-1B6BD018C15E}" struct-checksum="0xba88e21c">
                      <value type="int" key="autoIncrement">1</value>
                      <value type="string" key="expression"></value>
                      <value type="int" key="generated">0</value>
                      <value type="string" key="generatedStorage"></value>
                      <value type="string" key="characterSetName"></value>
                      <value _ptr_="0000025D422EBFF0" type="list" content-type="object" content-struct-name="db.CheckConstraint" key="checks"/>
                      <value type="string" key="collationName"></value>
                      <value type="string" key="datatypeExplicitParams"></value>
                      <value type="string" key="defaultValue"></value>
                      <value type="int" key="defaultValueIsNull">0</value>
                      <value _ptr_="0000025D422EC610" type="list" content-type="string" key="flags"/>
                      <value type="int" key="isNotNull">1</value>
                      <value type="int" key="length">-1</value>
                      <value type="int" key="precision">-1</value>
                      <value type="int" key="scale">-1</value>
                      <link type="object" struct-name="db.SimpleDatatype" key="simpleType">com.mysql.rdbms.mysql.datatype.int</link>
                      <value type="string" key="comment"></value>
                      <value type="string" key="name">idusu&#xE1;rio</value>
                      <value type="string" key="oldName"></value>
                      <link type="object" struct-name="GrtObject" key="owner">{64658331-60DB-474D-AA33-23D2436FD3A3}</link>
                    </value>
                    <value type="object" struct-name="db.mysql.Column" id="{1EFA1F02-EAF4-4212-956B-FF0546DC7093}" struct-checksum="0xba88e21c">
                      <value type="int" key="autoIncrement">0</value>
                      <value type="string" key="expression"></value>
                      <value type="int" key="generated">0</value>
                      <value type="string" key="generatedStorage"></value>
                      <value type="string" key="characterSetName"></value>
                      <value _ptr_="0000025D4A63AA60" type="list" content-type="object" content-struct-name="db.CheckConstraint" key="checks"/>
                      <value type="string" key="collationName"></value>
                      <value type="string" key="datatypeExplicitParams"></value>
                      <value type="string" key="defaultValue"></value>
                      <value type="int" key="defaultValueIsNull">0</value>
                      <value _ptr_="0000025D4A63BEF0" type="list" content-type="string" key="flags"/>
                      <value type="int" key="isNotNull">1</value>
                      <value type="int" key="length">150</value>
                      <value type="int" key="precision">-1</value>
                      <value type="int" key="scale">-1</value>
                      <link type="object" struct-name="db.SimpleDatatype" key="simpleType">com.mysql.rdbms.mysql.datatype.varchar</link>
                      <value type="string" key="comment"></value>
                      <value type="string" key="name">Nomeusu&#xE1;rio</value>
                      <value type="string" key="oldName"></value>
                      <link type="object" struct-name="GrtObject" key="owner">{64658331-60DB-474D-AA33-23D2436FD3A3}</link>
                    </value>
                    <value type="object" struct-name="db.mysql.Column" id="{954B0B59-F441-4C17-947B-16EF810AE873}" struct-checksum="0xba88e21c">
                      <value type="int" key="autoIncrement">0</value>
                      <value type="string" key="expression"></value>
                      <value type="int" key="generated">0</value>
                      <value type="string" key="generatedStorage"></value>
                      <value type="string" key="characterSetName"></value>
                      <value _ptr_="0000025D4A63EEA0" type="list" content-type="object" content-struct-name="db.CheckConstraint" key="checks"/>
                      <value type="string" key="collationName"></value>
                      <value type="string" key="datatypeExplicitParams"></value>
                      <value type="string" key="defaultValue"></value>
                      <value type="int" key="defaultValueIsNull">0</value>
                      <value _ptr_="0000025D4A63EA40" type="list" content-type="string" key="flags"/>
                      <value type="int" key="isNotNull">1</value>
                      <value type="int" key="length">100</value>
                      <value type="int" key="precision">-1</value>
                      <value type="int" key="scale">-1</value>
                      <link type="object" struct-name="db.SimpleDatatype" key="simpleType">com.mysql.rdbms.mysql.datatype.varchar</link>
                      <value type="string" key="comment"></value>
                      <value type="string" key="name">Email</value>
                      <value type="string" key="oldName"></value>
                      <link type="object" struct-name="GrtObject" key="owner">{64658331-60DB-474D-AA33-23D2436FD3A3}</link>
                    </value>
                    <value type="object" struct-name="db.mysql.Column" id="{834F6C76-AFD8-41B2-8177-01F370E403DD}" struct-checksum="0xba88e21c">
                      <value type="int" key="autoIncrement">0</value>
                      <value type="string" key="expression"></value>
                      <value type="int" key="generated">0</value>
                      <value type="string" key="generatedStorage"></value>
                      <value type="string" key="characterSetName"></value>
                      <value _ptr_="0000025D4A63DFC0" type="list" content-type="object" content-struct-name="db.CheckConstraint" key="checks"/>
                      <value type="string" key="collationName"></value>
                      <value type="string" key="datatypeExplicitParams"></value>
                      <value type="string" key="defaultValue"></value>
                      <value type="int" key="defaultValueIsNull">0</value>
                      <value _ptr_="0000025D4A63DCB0" type="list" content-type="string" key="flags"/>
                      <value type="int" key="isNotNull">1</value>
                      <value type="int" key="length">-1</value>
                      <value type="int" key="precision">-1</value>
                      <value type="int" key="scale">-1</value>
                      <link type="object" struct-name="db.SimpleDatatype" key="simpleType">com.mysql.rdbms.mysql.datatype.tinytext</link>
                      <value type="string" key="comment"></value>
                      <value type="string" key="name">Emprestimo</value>
                      <value type="string" key="oldName"></value>
                      <link type="object" struct-name="GrtObject" key="owner">{64658331-60DB-474D-AA33-23D2436FD3A3}</link>
                    </value>
                    <value type="object" struct-name="db.mysql.Column" id="{1E0CDAB0-5480-4EF2-9673-35530CBDA17B}" struct-checksum="0xba88e21c">
                      <value type="int" key="autoIncrement">0</value>
                      <value type="string" key="expression"></value>
                      <value type="int" key="generated">0</value>
                      <value type="string" key="generatedStorage"></value>
                      <value type="string" key="characterSetName"></value>
                      <value _ptr_="0000025D4A945710" type="list" content-type="object" content-struct-name="db.CheckConstraint" key="checks"/>
                      <value type="string" key="collationName"></value>
                      <value type="string" key="datatypeExplicitParams"></value>
                      <value type="string" key="defaultValue"></value>
                      <value type="int" key="defaultValueIsNull">0</value>
                      <value _ptr_="0000025D4A945780" type="list" content-type="string" key="flags"/>
                      <value type="int" key="isNotNull">1</value>
                      <value type="int" key="length">-1</value>
                      <value type="int" key="precision">-1</value>
                      <value type="int" key="scale">-1</value>
                      <link type="object" struct-name="db.SimpleDatatype" key="simpleType">com.mysql.rdbms.mysql.datatype.int</link>
                      <value type="string" key="comment"></value>
                      <value type="string" key="name">livro_idlivro</value>
                      <value type="string" key="oldName">livro_idlivro</value>
                      <link type="object" struct-name="GrtObject" key="owner">{64658331-60DB-474D-AA33-23D2436FD3A3}</link>
                    </value>
                  </value>
                  <value type="string" key="connectionString"></value>
                  <value type="string" key="defaultCharacterSetName"></value>
                  <value type="string" key="defaultCollationName"></value>
                  <value type="int" key="delayKeyWrite">0</value>
                  <value _ptr_="0000025D4A3DB4D0" type="list" content-type="object" content-struct-name="db.mysql.ForeignKey" key="foreignKeys">
                    <value type="object" struct-name="db.mysql.ForeignKey" id="{C8CF38B9-8042-41B4-A528-F8774160E884}" struct-checksum="0x70a8fc40">
                      <link type="object" struct-name="db.mysql.Table" key="referencedTable">{BCFE13BC-25C0-44C3-8A16-FA6456348081}</link>
                      <value _ptr_="0000025D4A9456A0" type="list" content-type="object" content-struct-name="db.Column" key="columns">
                        <link type="object">{1E0CDAB0-5480-4EF2-9673-35530CBDA17B}</link>
                      </value>
                      <value _ptr_="0000025D4A817140" type="dict" key="customData"/>
                      <value type="int" key="deferability">0</value>
                      <value type="string" key="deleteRule">NO ACTION</value>
                      <link type="object" struct-name="db.Index" key="index">{51D38953-3F15-4F85-8633-BF4043B02890}</link>
                      <value type="int" key="mandatory">1</value>
                      <value type="int" key="many">1</value>
                      <value type="int" key="modelOnly">0</value>
                      <link type="object" struct-name="db.Table" key="owner">{64658331-60DB-474D-AA33-23D2436FD3A3}</link>
                      <value _ptr_="0000025D4A944AD0" type="list" content-type="object" content-struct-name="db.Column" key="referencedColumns">
                        <link type="object">{14F8501F-6882-4E7A-833E-06683E6A7A1C}</link>
                      </value>
                      <value type="int" key="referencedMandatory">1</value>
                      <value type="string" key="updateRule">NO ACTION</value>
                      <value type="string" key="comment"></value>
                      <value type="string" key="name">fk_usu&#xE1;rio_livro</value>
                      <value type="string" key="oldName">fk_usu&#xE1;rio_livro</value>
                    </value>
                  </value>
                  <value _ptr_="0000025D4A3DBE70" type="list" content-type="object" content-struct-name="db.mysql.Index" key="indices">
                    <value type="object" struct-name="db.mysql.Index" id="{D46862E6-4C7B-48DC-9C82-6C842EA396E0}" struct-checksum="0xdb1989cd">
                      <value type="string" key="algorithm"></value>
                      <value _ptr_="0000025D422EBCE0" type="list" content-type="object" content-struct-name="db.mysql.IndexColumn" key="columns">
                        <value type="object" struct-name="db.mysql.IndexColumn" id="{72F3DA15-9335-471E-BCEA-A4AC506055F6}" struct-checksum="0x62630b3c">
                          <value type="int" key="columnLength">0</value>
                          <value type="string" key="comment"></value>
                          <value type="int" key="descend">0</value>
                          <value type="string" key="expression"></value>
                          <link type="object" struct-name="db.Column" key="referencedColumn">{07AD8E13-DE62-4F2F-9C63-1B6BD018C15E}</link>
                          <value type="string" key="name"></value>
                          <link type="object" struct-name="GrtObject" key="owner">{D46862E6-4C7B-48DC-9C82-6C842EA396E0}</link>
                        </value>
                      </value>
                      <value type="string" key="indexKind"></value>
                      <value type="int" key="keyBlockSize">0</value>
                      <value type="string" key="lockOption"></value>
                      <value type="int" key="visible">1</value>
                      <value type="string" key="withParser"></value>
                      <value type="string" key="comment"></value>
                      <value type="int" key="deferability">0</value>
                      <value type="string" key="indexType">PRIMARY</value>
                      <value type="int" key="isPrimary">1</value>
                      <value type="string" key="name">PRIMARY</value>
                      <value type="int" key="unique">0</value>
                      <value type="int" key="commentedOut">0</value>
                      <value type="string" key="createDate"></value>
                      <value _ptr_="0000025D4A278420" type="dict" key="customData"/>
                      <value type="string" key="lastChangeDate"></value>
                      <value type="int" key="modelOnly">0</value>
                      <link type="object" struct-name="GrtNamedObject" key="owner">{64658331-60DB-474D-AA33-23D2436FD3A3}</link>
                      <value type="string" key="temp_sql"></value>
                      <value type="string" key="oldName">PRIMARY</value>
                    </value>
                    <value type="object" struct-name="db.mysql.Index" id="{0FBDBDC9-DE5F-488D-819C-5AE0C719CAD7}" struct-checksum="0xdb1989cd">
                      <value type="string" key="algorithm"></value>
                      <value _ptr_="0000025D4A643970" type="list" content-type="object" content-struct-name="db.mysql.IndexColumn" key="columns">
                        <value type="object" struct-name="db.mysql.IndexColumn" id="{6ED745CB-788D-4103-804B-5553069EBFB6}" struct-checksum="0x62630b3c">
                          <value type="int" key="columnLength">0</value>
                          <value type="string" key="comment"></value>
                          <value type="int" key="descend">0</value>
                          <value type="string" key="expression"></value>
                          <link type="object" struct-name="db.Column" key="referencedColumn">{07AD8E13-DE62-4F2F-9C63-1B6BD018C15E}</link>
                          <value type="string" key="name"></value>
                          <link type="object" struct-name="GrtObject" key="owner">{0FBDBDC9-DE5F-488D-819C-5AE0C719CAD7}</link>
                        </value>
                      </value>
                      <value type="string" key="indexKind"></value>
                      <value type="int" key="keyBlockSize">0</value>
                      <value type="string" key="lockOption"></value>
                      <value type="int" key="visible">1</value>
                      <value type="string" key="withParser"></value>
                      <value type="string" key="comment"></value>
                      <value type="int" key="deferability">0</value>
                      <value type="string" key="indexType">UNIQUE</value>
                      <value type="int" key="isPrimary">0</value>
                      <value type="string" key="name">idusu&#xE1;rio_UNIQUE</value>
                      <value type="int" key="unique">1</value>
                      <value type="int" key="commentedOut">0</value>
                      <value type="string" key="createDate"></value>
                      <value _ptr_="0000025D4A769990" type="dict" key="customData"/>
                      <value type="string" key="lastChangeDate"></value>
                      <value type="int" key="modelOnly">0</value>
                      <link type="object" struct-name="GrtNamedObject" key="owner">{64658331-60DB-474D-AA33-23D2436FD3A3}</link>
                      <value type="string" key="temp_sql"></value>
                      <value type="string" key="oldName"></value>
                    </value>
                    <value type="object" struct-name="db.mysql.Index" id="{51D38953-3F15-4F85-8633-BF4043B02890}" struct-checksum="0xdb1989cd">
                      <value type="string" key="algorithm"></value>
                      <value _ptr_="0000025D4A945EF0" type="list" content-type="object" content-struct-name="db.mysql.IndexColumn" key="columns">
                        <value type="object" struct-name="db.mysql.IndexColumn" id="{1E064378-3F93-4E67-A15F-535977FFA6FA}" struct-checksum="0x62630b3c">
                          <value type="int" key="columnLength">0</value>
                          <value type="string" key="comment"></value>
                          <value type="int" key="descend">0</value>
                          <value type="string" key="expression"></value>
                          <link type="object" struct-name="db.Column" key="referencedColumn">{1E0CDAB0-5480-4EF2-9673-35530CBDA17B}</link>
                          <value type="string" key="name"></value>
                          <link type="object" struct-name="GrtObject" key="owner">{51D38953-3F15-4F85-8633-BF4043B02890}</link>
                        </value>
                      </value>
                      <value type="string" key="indexKind"></value>
                      <value type="int" key="keyBlockSize">0</value>
                      <value type="string" key="lockOption"></value>
                      <value type="int" key="visible">1</value>
                      <value type="string" key="withParser"></value>
                      <value type="string" key="comment"></value>
                      <value type="int" key="deferability">0</value>
                      <value type="string" key="indexType">INDEX</value>
                      <value type="int" key="isPrimary">0</value>
                      <value type="string" key="name">fk_usu&#xE1;rio_livro_idx</value>
                      <value type="int" key="unique">0</value>
                      <value type="int" key="commentedOut">0</value>
                      <value type="string" key="createDate"></value>
                      <value _ptr_="0000025D4A814200" type="dict" key="customData"/>
                      <value type="string" key="lastChangeDate"></value>
                      <value type="int" key="modelOnly">0</value>
                      <link type="object" struct-name="GrtNamedObject" key="owner">{64658331-60DB-474D-AA33-23D2436FD3A3}</link>
                      <value type="string" key="temp_sql"></value>
                      <value type="string" key="oldName">fk_usu&#xE1;rio_livro</value>
                    </value>
                  </value>
                  <value type="string" key="keyBlockSize"></value>
                  <value type="string" key="maxRows"></value>
                  <value type="string" key="mergeInsert"></value>
                  <value type="string" key="mergeUnion"></value>
                  <value type="string" key="minRows"></value>
                  <value type="string" key="nextAutoInc"></value>
                  <value type="string" key="packKeys"></value>
                  <value type="int" key="partitionCount">0</value>
                  <value _ptr_="0000025D4A3DC6C0" type="list" content-type="object" content-struct-name="db.mysql.PartitionDefinition" key="partitionDefinitions"/>
                  <value type="string" key="partitionExpression"></value>
                  <value type="int" key="partitionKeyAlgorithm">0</value>
                  <value type="string" key="partitionType"></value>
                  <value type="string" key="password"></value>
                  <link type="object" struct-name="db.mysql.Index" key="primaryKey">{D46862E6-4C7B-48DC-9C82-6C842EA396E0}</link>
                  <value type="string" key="raidChunkSize"></value>
                  <value type="string" key="raidChunks"></value>
                  <value type="string" key="raidType"></value>
                  <value type="string" key="rowFormat"></value>
                  <value type="string" key="statsAutoRecalc"></value>
                  <value type="string" key="statsPersistent"></value>
                  <value type="int" key="statsSamplePages">0</value>
                  <value type="int" key="subpartitionCount">0</value>
                  <value type="string" key="subpartitionExpression"></value>
                  <value type="int" key="subpartitionKeyAlgorithm">0</value>
                  <value type="string" key="subpartitionType"></value>
                  <value type="string" key="tableDataDir"></value>
                  <value type="string" key="tableEngine">InnoDB</value>
                  <value type="string" key="tableIndexDir"></value>
                  <value type="string" key="tableSpace"></value>
                  <value _ptr_="0000025D4A3DB540" type="list" content-type="object" content-struct-name="db.mysql.Trigger" key="triggers"/>
                  <value type="int" key="isStub">0</value>
                  <value type="int" key="isSystem">0</value>
                  <value type="int" key="isTemporary">0</value>
                  <value type="string" key="temporaryScope"></value>
                  <value type="int" key="commentedOut">0</value>
                  <value type="string" key="createDate">2024-10-01 18:06</value>
                  <value _ptr_="0000025D4172D230" type="dict" key="customData"/>
                  <value type="string" key="lastChangeDate">2024-10-01 18:09</value>
                  <value type="int" key="modelOnly">0</value>
                  <value type="string" key="name">usu&#xE1;rio</value>
                  <link type="object" struct-name="GrtNamedObject" key="owner">{92F9EA2F-526E-4E5A-B04D-9B5A5A807C68}</link>
                  <value type="string" key="temp_sql"></value>
                  <value type="string" key="comment"></value>
                  <value type="string" key="oldName"></value>
                </value>
                <value type="object" struct-name="db.mysql.Table" id="{BCFE13BC-25C0-44C3-8A16-FA6456348081}" struct-checksum="0x4564421a">
                  <value type="string" key="avgRowLength"></value>
                  <value type="int" key="checksum">0</value>
                  <value _ptr_="0000025D4A643CF0" type="list" content-type="object" content-struct-name="db.mysql.Column" key="columns">
                    <value type="object" struct-name="db.mysql.Column" id="{14F8501F-6882-4E7A-833E-06683E6A7A1C}" struct-checksum="0xba88e21c">
                      <value type="int" key="autoIncrement">1</value>
                      <value type="string" key="expression"></value>
                      <value type="int" key="generated">0</value>
                      <value type="string" key="generatedStorage">VIRTUAL</value>
                      <value type="string" key="characterSetName"></value>
                      <value _ptr_="0000025D4A3D68B0" type="list" content-type="object" content-struct-name="db.CheckConstraint" key="checks"/>
                      <value type="string" key="collationName"></value>
                      <value type="string" key="datatypeExplicitParams"></value>
                      <value type="string" key="defaultValue"></value>
                      <value type="int" key="defaultValueIsNull">0</value>
                      <value _ptr_="0000025D4A3D7100" type="list" content-type="string" key="flags"/>
                      <value type="int" key="isNotNull">1</value>
                      <value type="int" key="length">-1</value>
                      <value type="int" key="precision">-1</value>
                      <value type="int" key="scale">-1</value>
                      <link type="object" struct-name="db.SimpleDatatype" key="simpleType">com.mysql.rdbms.mysql.datatype.int</link>
                      <value type="string" key="comment"></value>
                      <value type="string" key="name">idlivro</value>
                      <value type="string" key="oldName"></value>
                      <link type="object" struct-name="GrtObject" key="owner">{BCFE13BC-25C0-44C3-8A16-FA6456348081}</link>
                    </value>
                    <value type="object" struct-name="db.mysql.Column" id="{2A46F48E-BFF2-4A26-9379-88DD2F4DCAEE}" struct-checksum="0xba88e21c">
                      <value type="int" key="autoIncrement">0</value>
                      <value type="string" key="expression"></value>
                      <value type="int" key="generated">0</value>
                      <value type="string" key="generatedStorage"></value>
                      <value type="string" key="characterSetName"></value>
                      <value _ptr_="0000025D4A653500" type="list" content-type="object" content-struct-name="db.CheckConstraint" key="checks"/>
                      <value type="string" key="collationName"></value>
                      <value type="string" key="datatypeExplicitParams"></value>
                      <value type="string" key="defaultValue"></value>
                      <value type="int" key="defaultValueIsNull">0</value>
                      <value _ptr_="0000025D4A652D90" type="list" content-type="string" key="flags"/>
                      <value type="int" key="isNotNull">1</value>
                      <value type="int" key="length">250</value>
                      <value type="int" key="precision">-1</value>
                      <value type="int" key="scale">-1</value>
                      <link type="object" struct-name="db.SimpleDatatype" key="simpleType">com.mysql.rdbms.mysql.datatype.varchar</link>
                      <value type="string" key="comment"></value>
                      <value type="string" key="name">Titulo</value>
                      <value type="string" key="oldName"></value>
                      <link type="object" struct-name="GrtObject" key="owner">{BCFE13BC-25C0-44C3-8A16-FA6456348081}</link>
                    </value>
                    <value type="object" struct-name="db.mysql.Column" id="{8A9742F3-1FA2-4794-9EC3-0AA1C2500F33}" struct-checksum="0xba88e21c">
                      <value type="int" key="autoIncrement">0</value>
                      <value type="string" key="expression"></value>
                      <value type="int" key="generated">0</value>
                      <value type="string" key="generatedStorage"></value>
                      <value type="string" key="characterSetName"></value>
                      <value _ptr_="0000025D4A8F5360" type="list" content-type="object" content-struct-name="db.CheckConstraint" key="checks"/>
                      <value type="string" key="collationName"></value>
                      <value type="string" key="datatypeExplicitParams"></value>
                      <value type="string" key="defaultValue"></value>
                      <value type="int" key="defaultValueIsNull">0</value>
                      <value _ptr_="0000025D4A8F4DB0" type="list" content-type="string" key="flags"/>
                      <value type="int" key="isNotNull">1</value>
                      <value type="int" key="length">-1</value>
                      <value type="int" key="precision">-1</value>
                      <value type="int" key="scale">-1</value>
                      <link type="object" struct-name="db.SimpleDatatype" key="simpleType">com.mysql.rdbms.mysql.datatype.int</link>
                      <value type="string" key="comment"></value>
                      <value type="string" key="name">Isbn</value>
                      <value type="string" key="oldName"></value>
                      <link type="object" struct-name="GrtObject" key="owner">{BCFE13BC-25C0-44C3-8A16-FA6456348081}</link>
                    </value>
                    <value type="object" struct-name="db.mysql.Column" id="{074ED79A-4F06-4400-B759-E04EA8250458}" struct-checksum="0xba88e21c">
                      <value type="int" key="autoIncrement">0</value>
                      <value type="string" key="expression"></value>
                      <value type="int" key="generated">0</value>
                      <value type="string" key="generatedStorage"></value>
                      <value type="string" key="characterSetName"></value>
                      <value _ptr_="0000025D4A8F3F40" type="list" content-type="object" content-struct-name="db.CheckConstraint" key="checks"/>
                      <value type="string" key="collationName"></value>
                      <value type="string" key="datatypeExplicitParams"></value>
                      <value type="string" key="defaultValue"></value>
                      <value type="int" key="defaultValueIsNull">0</value>
                      <value _ptr_="0000025D4A8F4A30" type="list" content-type="string" key="flags"/>
                      <value type="int" key="isNotNull">1</value>
                      <value type="int" key="length">-1</value>
                      <value type="int" key="precision">-1</value>
                      <value type="int" key="scale">-1</value>
                      <link type="object" struct-name="db.SimpleDatatype" key="simpleType">com.mysql.rdbms.mysql.datatype.tinytext</link>
                      <value type="string" key="comment"></value>
                      <value type="string" key="name">Status</value>
                      <value type="string" key="oldName"></value>
                      <link type="object" struct-name="GrtObject" key="owner">{BCFE13BC-25C0-44C3-8A16-FA6456348081}</link>
                    </value>
                    <value type="object" struct-name="db.mysql.Column" id="{AEA0D57B-323C-4877-907F-A5050F1F8048}" struct-checksum="0xba88e21c">
                      <value type="int" key="autoIncrement">0</value>
                      <value type="string" key="expression"></value>
                      <value type="int" key="generated">0</value>
                      <value type="string" key="generatedStorage"></value>
                      <value type="string" key="characterSetName"></value>
                      <value _ptr_="0000025D4A8F6C50" type="list" content-type="object" content-struct-name="db.CheckConstraint" key="checks"/>
                      <value type="string" key="collationName"></value>
                      <value type="string" key="datatypeExplicitParams"></value>
                      <value type="string" key="defaultValue"></value>
                      <value type="int" key="defaultValueIsNull">0</value>
                      <value _ptr_="0000025D4A8F6B70" type="list" content-type="string" key="flags"/>
                      <value type="int" key="isNotNull">0</value>
                      <value type="int" key="length">-1</value>
                      <value type="int" key="precision">-1</value>
                      <value type="int" key="scale">-1</value>
                      <link type="object" struct-name="db.SimpleDatatype" key="simpleType">com.mysql.rdbms.mysql.datatype.int</link>
                      <value type="string" key="comment"></value>
                      <value type="string" key="name">Exemplar</value>
                      <value type="string" key="oldName"></value>
                      <link type="object" struct-name="GrtObject" key="owner">{BCFE13BC-25C0-44C3-8A16-FA6456348081}</link>
                    </value>
                  </value>
                  <value type="string" key="connectionString"></value>
                  <value type="string" key="defaultCharacterSetName"></value>
                  <value type="string" key="defaultCollationName"></value>
                  <value type="int" key="delayKeyWrite">0</value>
                  <value _ptr_="0000025D4A6448C0" type="list" content-type="object" content-struct-name="db.mysql.ForeignKey" key="foreignKeys"/>
                  <value _ptr_="0000025D4A643EB0" type="list" content-type="object" content-struct-name="db.mysql.Index" key="indices">
                    <value type="object" struct-name="db.mysql.Index" id="{87616AED-2275-439F-A349-CFDB27F264CE}" struct-checksum="0xdb1989cd">
                      <value type="string" key="algorithm"></value>
                      <value _ptr_="0000025D4A3D6060" type="list" content-type="object" content-struct-name="db.mysql.IndexColumn" key="columns">
                        <value type="object" struct-name="db.mysql.IndexColumn" id="{133FC7F3-5E8D-4C0D-9386-44CFB564D8C5}" struct-checksum="0x62630b3c">
                          <value type="int" key="columnLength">0</value>
                          <value type="string" key="comment"></value>
                          <value type="int" key="descend">0</value>
                          <value type="string" key="expression"></value>
                          <link type="object" struct-name="db.Column" key="referencedColumn">{14F8501F-6882-4E7A-833E-06683E6A7A1C}</link>
                          <value type="string" key="name"></value>
                          <link type="object" struct-name="GrtObject" key="owner">{87616AED-2275-439F-A349-CFDB27F264CE}</link>
                        </value>
                      </value>
                      <value type="string" key="indexKind"></value>
                      <value type="int" key="keyBlockSize">0</value>
                      <value type="string" key="lockOption"></value>
                      <value type="int" key="visible">1</value>
                      <value type="string" key="withParser"></value>
                      <value type="string" key="comment"></value>
                      <value type="int" key="deferability">0</value>
                      <value type="string" key="indexType">PRIMARY</value>
                      <value type="int" key="isPrimary">1</value>
                      <value type="string" key="name">PRIMARY</value>
                      <value type="int" key="unique">0</value>
                      <value type="int" key="commentedOut">0</value>
                      <value type="string" key="createDate"></value>
                      <value _ptr_="0000025D4A556050" type="dict" key="customData"/>
                      <value type="string" key="lastChangeDate"></value>
                      <value type="int" key="modelOnly">0</value>
                      <link type="object" struct-name="GrtNamedObject" key="owner">{BCFE13BC-25C0-44C3-8A16-FA6456348081}</link>
                      <value type="string" key="temp_sql"></value>
                      <value type="string" key="oldName">PRIMARY</value>
                    </value>
                    <value type="object" struct-name="db.mysql.Index" id="{4BF4DB71-52DD-4570-9A24-5D2B95529D62}" struct-checksum="0xdb1989cd">
                      <value type="string" key="algorithm"></value>
                      <value _ptr_="0000025D4A3BDBE0" type="list" content-type="object" content-struct-name="db.mysql.IndexColumn" key="columns">
                        <value type="object" struct-name="db.mysql.IndexColumn" id="{C23E4BD2-1002-4B8F-862C-FF82E4DBDF03}" struct-checksum="0x62630b3c">
                          <value type="int" key="columnLength">0</value>
                          <value type="string" key="comment"></value>
                          <value type="int" key="descend">0</value>
                          <value type="string" key="expression"></value>
                          <link type="object" struct-name="db.Column" key="referencedColumn">{14F8501F-6882-4E7A-833E-06683E6A7A1C}</link>
                          <value type="string" key="name"></value>
                          <link type="object" struct-name="GrtObject" key="owner">{4BF4DB71-52DD-4570-9A24-5D2B95529D62}</link>
                        </value>
                      </value>
                      <value type="string" key="indexKind"></value>
                      <value type="int" key="keyBlockSize">0</value>
                      <value type="string" key="lockOption"></value>
                      <value type="int" key="visible">1</value>
                      <value type="string" key="withParser"></value>
                      <value type="string" key="comment"></value>
                      <value type="int" key="deferability">0</value>
                      <value type="string" key="indexType">UNIQUE</value>
                      <value type="int" key="isPrimary">0</value>
                      <value type="string" key="name">idlivro_UNIQUE</value>
                      <value type="int" key="unique">1</value>
                      <value type="int" key="commentedOut">0</value>
                      <value type="string" key="createDate"></value>
                      <value _ptr_="0000025D4A6573F0" type="dict" key="customData"/>
                      <value type="string" key="lastChangeDate"></value>
                      <value type="int" key="modelOnly">0</value>
                      <link type="object" struct-name="GrtNamedObject" key="owner">{BCFE13BC-25C0-44C3-8A16-FA6456348081}</link>
                      <value type="string" key="temp_sql"></value>
                      <value type="string" key="oldName"></value>
                    </value>
                    <value type="object" struct-name="db.mysql.Index" id="{106F5182-F022-49B0-8342-36BB6D0754B0}" struct-checksum="0xdb1989cd">
                      <value type="string" key="algorithm"></value>
                      <value _ptr_="0000025D4A3BD390" type="list" content-type="object" content-struct-name="db.mysql.IndexColumn" key="columns">
                        <value type="object" struct-name="db.mysql.IndexColumn" id="{6658267F-DBBE-4A1C-B1E0-514329968E5D}" struct-checksum="0x62630b3c">
                          <value type="int" key="columnLength">0</value>
                          <value type="string" key="comment"></value>
                          <value type="int" key="descend">0</value>
                          <value type="string" key="expression"></value>
                          <link type="object" struct-name="db.Column" key="referencedColumn">{2A46F48E-BFF2-4A26-9379-88DD2F4DCAEE}</link>
                          <value type="string" key="name"></value>
                          <link type="object" struct-name="GrtObject" key="owner">{106F5182-F022-49B0-8342-36BB6D0754B0}</link>
                        </value>
                      </value>
                      <value type="string" key="indexKind"></value>
                      <value type="int" key="keyBlockSize">0</value>
                      <value type="string" key="lockOption"></value>
                      <value type="int" key="visible">1</value>
                      <value type="string" key="withParser"></value>
                      <value type="string" key="comment"></value>
                      <value type="int" key="deferability">0</value>
                      <value type="string" key="indexType">UNIQUE</value>
                      <value type="int" key="isPrimary">0</value>
                      <value type="string" key="name">livrocol_UNIQUE</value>
                      <value type="int" key="unique">1</value>
                      <value type="int" key="commentedOut">0</value>
                      <value type="string" key="createDate"></value>
                      <value _ptr_="0000025D4A4E4DD0" type="dict" key="customData"/>
                      <value type="string" key="lastChangeDate"></value>
                      <value type="int" key="modelOnly">0</value>
                      <link type="object" struct-name="GrtNamedObject" key="owner">{BCFE13BC-25C0-44C3-8A16-FA6456348081}</link>
                      <value type="string" key="temp_sql"></value>
                      <value type="string" key="oldName"></value>
                    </value>
                    <value type="object" struct-name="db.mysql.Index" id="{7476046C-A139-47AF-9944-2A4E452FCD7F}" struct-checksum="0xdb1989cd">
                      <value type="string" key="algorithm"></value>
                      <value _ptr_="0000025D4A8F3DF0" type="list" content-type="object" content-struct-name="db.mysql.IndexColumn" key="columns">
                        <value type="object" struct-name="db.mysql.IndexColumn" id="{C3C1447E-2E45-4080-97A5-2FC6744EFD21}" struct-checksum="0x62630b3c">
                          <value type="int" key="columnLength">0</value>
                          <value type="string" key="comment"></value>
                          <value type="int" key="descend">0</value>
                          <value type="string" key="expression"></value>
                          <link type="object" struct-name="db.Column" key="referencedColumn">{8A9742F3-1FA2-4794-9EC3-0AA1C2500F33}</link>
                          <value type="string" key="name"></value>
                          <link type="object" struct-name="GrtObject" key="owner">{7476046C-A139-47AF-9944-2A4E452FCD7F}</link>
                        </value>
                      </value>
                      <value type="string" key="indexKind"></value>
                      <value type="int" key="keyBlockSize">0</value>
                      <value type="string" key="lockOption"></value>
                      <value type="int" key="visible">1</value>
                      <value type="string" key="withParser"></value>
                      <value type="string" key="comment"></value>
                      <value type="int" key="deferability">0</value>
                      <value type="string" key="indexType">UNIQUE</value>
                      <value type="int" key="isPrimary">0</value>
                      <value type="string" key="name">livrocol1_UNIQUE</value>
                      <value type="int" key="unique">1</value>
                      <value type="int" key="commentedOut">0</value>
                      <value type="string" key="createDate"></value>
                      <value _ptr_="0000025D4A557970" type="dict" key="customData"/>
                      <value type="string" key="lastChangeDate"></value>
                      <value type="int" key="modelOnly">0</value>
                      <link type="object" struct-name="GrtNamedObject" key="owner">{BCFE13BC-25C0-44C3-8A16-FA6456348081}</link>
                      <value type="string" key="temp_sql"></value>
                      <value type="string" key="oldName"></value>
                    </value>
                  </value>
                  <value type="string" key="keyBlockSize"></value>
                  <value type="string" key="maxRows"></value>
                  <value type="string" key="mergeInsert"></value>
                  <value type="string" key="mergeUnion"></value>
                  <value type="string" key="minRows"></value>
                  <value type="string" key="nextAutoInc"></value>
                  <value type="string" key="packKeys"></value>
                  <value type="int" key="partitionCount">0</value>
                  <value _ptr_="0000025D4A6436D0" type="list" content-type="object" content-struct-name="db.mysql.PartitionDefinition" key="partitionDefinitions"/>
                  <value type="string" key="partitionExpression"></value>
                  <value type="int" key="partitionKeyAlgorithm">0</value>
                  <value type="string" key="partitionType"></value>
                  <value type="string" key="password"></value>
                  <link type="object" struct-name="db.mysql.Index" key="primaryKey">{87616AED-2275-439F-A349-CFDB27F264CE}</link>
                  <value type="string" key="raidChunkSize"></value>
                  <value type="string" key="raidChunks"></value>
                  <value type="string" key="raidType"></value>
                  <value type="string" key="rowFormat"></value>
                  <value type="string" key="statsAutoRecalc"></value>
                  <value type="string" key="statsPersistent"></value>
                  <value type="int" key="statsSamplePages">0</value>
                  <value type="int" key="subpartitionCount">0</value>
                  <value type="string" key="subpartitionExpression"></value>
                  <value type="int" key="subpartitionKeyAlgorithm">0</value>
                  <value type="string" key="subpartitionType"></value>
                  <value type="string" key="tableDataDir"></value>
                  <value type="string" key="tableEngine">InnoDB</value>
                  <value type="string" key="tableIndexDir"></value>
                  <value type="string" key="tableSpace"></value>
                  <value _ptr_="0000025D4A6432E0" type="list" content-type="object" content-struct-name="db.mysql.Trigger" key="triggers"/>
                  <value type="int" key="isStub">0</value>
                  <value type="int" key="isSystem">0</value>
                  <value type="int" key="isTemporary">0</value>
                  <value type="string" key="temporaryScope"></value>
                  <value type="int" key="commentedOut">0</value>
                  <value type="string" key="createDate">2024-10-01 18:09</value>
                  <value _ptr_="0000025D4A7318A0" type="dict" key="customData"/>
                  <value type="string" key="lastChangeDate">2024-10-01 18:12</value>
                  <value type="int" key="modelOnly">0</value>
                  <value type="string" key="name">livro</value>
                  <link type="object" struct-name="GrtNamedObject" key="owner">{92F9EA2F-526E-4E5A-B04D-9B5A5A807C68}</link>
                  <value type="string" key="temp_sql"></value>
                  <value type="string" key="comment"></value>
                  <value type="string" key="oldName"></value>
                </value>
              </value>
              <value _ptr_="0000025D422D7680" type="list" content-type="object" content-struct-name="db.mysql.View" key="views"/>
              <value type="string" key="defaultCharacterSetName">utf8</value>
              <value type="string" key="defaultCollationName">utf8_general_ci</value>
              <value _ptr_="0000025D422D6730" type="list" content-type="object" content-struct-name="db.Event" key="events"/>
              <value type="int" key="commentedOut">0</value>
              <value type="string" key="createDate"></value>
              <value _ptr_="0000025D42236A10" type="dict" key="customData"/>
              <value type="string" key="lastChangeDate"></value>
              <value type="int" key="modelOnly">0</value>
              <value type="string" key="name">mydb</value>
              <link type="object" struct-name="GrtNamedObject" key="owner">{F3265CEB-E273-4CEC-AB6F-280A65C6AAF2}</link>
              <value type="string" key="temp_sql"></value>
              <value type="string" key="comment"></value>
              <value type="string" key="oldName"></value>
            </value>
          </value>
          <value _ptr_="0000025D422D5620" type="list" content-type="object" content-struct-name="db.mysql.ServerLink" key="serverLinks"/>
          <value _ptr_="0000025D422D5FC0" type="list" content-type="object" content-struct-name="db.mysql.Tablespace" key="tablespaces"/>
          <value _ptr_="0000025D422D5E70" type="list" content-type="object" content-struct-name="db.CharacterSet" key="characterSets">
            <link type="object">com.mysql.rdbms.mysql.charset.big5</link>
            <link type="object">com.mysql.rdbms.mysql.charset.dec8</link>
            <link type="object">com.mysql.rdbms.mysql.charset.cp850</link>
            <link type="object">com.mysql.rdbms.mysql.charset.hp8</link>
            <link type="object">com.mysql.rdbms.mysql.charset.koi8r</link>
            <link type="object">com.mysql.rdbms.mysql.charset.latin1</link>
            <link type="object">com.mysql.rdbms.mysql.charset.latin2</link>
            <link type="object">com.mysql.rdbms.mysql.charset.swe7</link>
            <link type="object">com.mysql.rdbms.mysql.charset.ascii</link>
            <link type="object">com.mysql.rdbms.mysql.charset.ujis</link>
            <link type="object">com.mysql.rdbms.mysql.charset.sjis</link>
            <link type="object">com.mysql.rdbms.mysql.charset.hebrew</link>
            <link type="object">com.mysql.rdbms.mysql.charset.tis620</link>
            <link type="object">com.mysql.rdbms.mysql.charset.euckr</link>
            <link type="object">com.mysql.rdbms.mysql.charset.koi8u</link>
            <link type="object">com.mysql.rdbms.mysql.charset.gb18030</link>
            <link type="object">com.mysql.rdbms.mysql.charset.gb2312</link>
            <link type="object">com.mysql.rdbms.mysql.charset.greek</link>
            <link type="object">com.mysql.rdbms.mysql.charset.cp1250</link>
            <link type="object">com.mysql.rdbms.mysql.charset.gbk</link>
            <link type="object">com.mysql.rdbms.mysql.charset.latin5</link>
            <link type="object">com.mysql.rdbms.mysql.charset.asmscii8</link>
            <link type="object">com.mysql.rdbms.mysql.charset.utf8</link>
            <link type="object">com.mysql.rdbms.mysql.charset.ucs2</link>
            <link type="object">com.mysql.rdbms.mysql.charset.cp866</link>
            <link type="object">com.mysql.rdbms.mysql.charset.keybcs2</link>
            <link type="object">com.mysql.rdbms.mysql.charset.macce</link>
            <link type="object">com.mysql.rdbms.mysql.charset.macroman</link>
            <link type="object">com.mysql.rdbms.mysql.charset.cp852</link>
            <link type="object">com.mysql.rdbms.mysql.charset.latin7</link>
            <link type="object">com.mysql.rdbms.mysql.charset.cp1251</link>
            <link type="object">com.mysql.rdbms.mysql.charset.cp1256</link>
            <link type="object">com.mysql.rdbms.mysql.charset.cp1257</link>
            <link type="object">com.mysql.rdbms.mysql.charset.binary</link>
            <link type="object">com.mysql.rdbms.mysql.charset.geostd8</link>
            <link type="object">com.mysql.rdbms.mysql.charset.cp932</link>
            <link type="object">com.mysql.rdbms.mysql.charset.eucjpms</link>
            <link type="object">com.mysql.rdbms.mysql.charset.utf8mb4</link>
            <link type="object">com.mysql.rdbms.mysql.charset.utf16</link>
            <link type="object">com.mysql.rdbms.mysql.charset.utf32</link>
          </value>
          <value _ptr_="0000025D4230B680" type="dict" key="customData"/>
          <value type="string" key="defaultCharacterSetName"></value>
          <value type="string" key="defaultCollationName"></value>
          <link type="object" struct-name="db.Schema" key="defaultSchema">{92F9EA2F-526E-4E5A-B04D-9B5A5A807C68}</link>
          <value _ptr_="0000025D422D5F50" type="list" content-type="object" content-struct-name="db.Role" key="roles">
            <value type="object" struct-name="db.Role" id="{CFC01B9C-4CEF-44CD-B96C-2D54407DA921}" struct-checksum="0x3cc75502">
              <value _ptr_="0000025D422D6030" type="list" content-type="object" content-struct-name="db.Role" key="childRoles"/>
              <value _ptr_="0000025D422D58C0" type="list" content-type="object" content-struct-name="db.RolePrivilege" key="privileges">
                <value type="object" struct-name="db.RolePrivilege" id="{27E2980E-54BB-4016-AB51-5E48447DCAE8}" struct-checksum="0x39cda05d">
                  <value type="string" key="databaseObjectName">**.*</value>
                  <value type="string" key="databaseObjectType">SCHEMA</value>
                  <value _ptr_="0000025D422D57E0" type="list" content-type="string" key="privileges">
                    <value type="string">ALL</value>
                  </value>
                  <value type="string" key="name"></value>
                  <link type="object" struct-name="GrtObject" key="owner">{CFC01B9C-4CEF-44CD-B96C-2D54407DA921}</link>
                </value>
              </value>
              <value type="int" key="commentedOut">0</value>
              <value type="string" key="createDate"></value>
              <value _ptr_="0000025D4230B980" type="dict" key="customData"/>
              <value type="string" key="lastChangeDate"></value>
              <value type="int" key="modelOnly">0</value>
              <value type="string" key="name">owner</value>
              <link type="object" struct-name="GrtNamedObject" key="owner">{F3265CEB-E273-4CEC-AB6F-280A65C6AAF2}</link>
              <value type="string" key="temp_sql"></value>
              <value type="string" key="comment"></value>
              <value type="string" key="oldName"></value>
            </value>
            <value type="object" struct-name="db.Role" id="{1E2E5DB2-D908-4386-BBB1-85EC052F1245}" struct-checksum="0x3cc75502">
              <value _ptr_="0000025D422D5850" type="list" content-type="object" content-struct-name="db.Role" key="childRoles"/>
              <value _ptr_="0000025D422D5930" type="list" content-type="object" content-struct-name="db.RolePrivilege" key="privileges">
                <value type="object" struct-name="db.RolePrivilege" id="{3256D48D-5A43-4F7B-8061-9BCF6705E413}" struct-checksum="0x39cda05d">
                  <value type="string" key="databaseObjectName">**.*</value>
                  <value type="string" key="databaseObjectType">TABLE</value>
                  <value _ptr_="0000025D422D5AF0" type="list" content-type="string" key="privileges">
                    <value type="string">SELECT</value>
                  </value>
                  <value type="string" key="name"></value>
                  <link type="object" struct-name="GrtObject" key="owner">{1E2E5DB2-D908-4386-BBB1-85EC052F1245}</link>
                </value>
              </value>
              <value type="int" key="commentedOut">0</value>
              <value type="string" key="createDate"></value>
              <value _ptr_="0000025D4230BA40" type="dict" key="customData"/>
              <value type="string" key="lastChangeDate"></value>
              <value type="int" key="modelOnly">0</value>
              <value type="string" key="name">table.readonly</value>
              <link type="object" struct-name="GrtNamedObject" key="owner">{F3265CEB-E273-4CEC-AB6F-280A65C6AAF2}</link>
              <value type="string" key="temp_sql"></value>
              <value type="string" key="comment"></value>
              <value type="string" key="oldName"></value>
            </value>
            <value type="object" struct-name="db.Role" id="{900CEBF0-61FF-4E39-8172-EC99DBE50D9F}" struct-checksum="0x3cc75502">
              <value _ptr_="0000025D422D5B60" type="list" content-type="object" content-struct-name="db.Role" key="childRoles"/>
              <value _ptr_="0000025D422D6570" type="list" content-type="object" content-struct-name="db.RolePrivilege" key="privileges">
                <value type="object" struct-name="db.RolePrivilege" id="{B91B1195-FA9A-4F57-BFDF-E74124A34E21}" struct-checksum="0x39cda05d">
                  <value type="string" key="databaseObjectName">**.*</value>
                  <value type="string" key="databaseObjectType">TABLE</value>
                  <value _ptr_="0000025D422D7610" type="list" content-type="string" key="privileges">
                    <value type="string">SELECT</value>
                    <value type="string">INSERT</value>
                    <value type="string">TRIGGER</value>
                  </value>
                  <value type="string" key="name"></value>
                  <link type="object" struct-name="GrtObject" key="owner">{900CEBF0-61FF-4E39-8172-EC99DBE50D9F}</link>
                </value>
              </value>
              <value type="int" key="commentedOut">0</value>
              <value type="string" key="createDate"></value>
              <value _ptr_="0000025D42236A70" type="dict" key="customData"/>
              <value type="string" key="lastChangeDate"></value>
              <value type="int" key="modelOnly">0</value>
              <value type="string" key="name">table.insert</value>
              <link type="object" struct-name="GrtNamedObject" key="owner">{F3265CEB-E273-4CEC-AB6F-280A65C6AAF2}</link>
              <value type="string" key="temp_sql"></value>
              <value type="string" key="comment"></value>
              <value type="string" key="oldName"></value>
            </value>
            <value type="object" struct-name="db.Role" id="{607BD574-4475-4108-BA45-77245441F727}" struct-checksum="0x3cc75502">
              <value _ptr_="0000025D422D6C00" type="list" content-type="object" content-struct-name="db.Role" key="childRoles"/>
              <value _ptr_="0000025D422D8020" type="list" content-type="object" content-struct-name="db.RolePrivilege" key="privileges">
                <value type="object" struct-name="db.RolePrivilege" id="{5A52A429-1675-45C6-A135-C22F03A159E2}" struct-checksum="0x39cda05d">
                  <value type="string" key="databaseObjectName">**.*</value>
                  <value type="string" key="databaseObjectType">TABLE</value>
                  <value _ptr_="0000025D422D70D0" type="list" content-type="string" key="privileges">
                    <value type="string">SELECT</value>
                    <value type="string">INSERT</value>
                    <value type="string">TRIGGER</value>
                    <value type="string">UPDATE</value>
                    <value type="string">DELETE</value>
                  </value>
                  <value type="string" key="name"></value>
                  <link type="object" struct-name="GrtObject" key="owner">{607BD574-4475-4108-BA45-77245441F727}</link>
                </value>
              </value>
              <value type="int" key="commentedOut">0</value>
              <value type="string" key="createDate"></value>
              <value _ptr_="0000025D42236E90" type="dict" key="customData"/>
              <value type="string" key="lastChangeDate"></value>
              <value type="int" key="modelOnly">0</value>
              <value type="string" key="name">table.modify</value>
              <link type="object" struct-name="GrtNamedObject" key="owner">{F3265CEB-E273-4CEC-AB6F-280A65C6AAF2}</link>
              <value type="string" key="temp_sql"></value>
              <value type="string" key="comment"></value>
              <value type="string" key="oldName"></value>
            </value>
            <value type="object" struct-name="db.Role" id="{C2B74D16-E20A-4A89-9E0B-1C028037F9D0}" struct-checksum="0x3cc75502">
              <value _ptr_="0000025D422D69D0" type="list" content-type="object" content-struct-name="db.Role" key="childRoles"/>
              <value _ptr_="0000025D422D6AB0" type="list" content-type="object" content-struct-name="db.RolePrivilege" key="privileges">
                <value type="object" struct-name="db.RolePrivilege" id="{2833D9EE-8BB4-41B1-A59E-47297523D0F3}" struct-checksum="0x39cda05d">
                  <value type="string" key="databaseObjectName">**.*</value>
                  <value type="string" key="databaseObjectType">ROUTINE</value>
                  <value _ptr_="0000025D422D68F0" type="list" content-type="string" key="privileges">
                    <value type="string">EXECUTE</value>
                  </value>
                  <value type="string" key="name"></value>
                  <link type="object" struct-name="GrtObject" key="owner">{C2B74D16-E20A-4A89-9E0B-1C028037F9D0}</link>
                </value>
              </value>
              <value type="int" key="commentedOut">0</value>
              <value type="string" key="createDate"></value>
              <value _ptr_="0000025D42236AD0" type="dict" key="customData"/>
              <value type="string" key="lastChangeDate"></value>
              <value type="int" key="modelOnly">0</value>
              <value type="string" key="name">routine.execute</value>
              <link type="object" struct-name="GrtNamedObject" key="owner">{F3265CEB-E273-4CEC-AB6F-280A65C6AAF2}</link>
              <value type="string" key="temp_sql"></value>
              <value type="string" key="comment"></value>
              <value type="string" key="oldName"></value>
            </value>
          </value>
          <value _ptr_="0000025D422D59A0" type="list" content-type="object" content-struct-name="db.SimpleDatatype" key="simpleDatatypes">
            <link type="object">com.mysql.rdbms.mysql.datatype.tinyint</link>
            <link type="object">com.mysql.rdbms.mysql.datatype.smallint</link>
            <link type="object">com.mysql.rdbms.mysql.datatype.mediumint</link>
            <link type="object">com.mysql.rdbms.mysql.datatype.int</link>
            <link type="object">com.mysql.rdbms.mysql.datatype.bigint</link>
            <link type="object">com.mysql.rdbms.mysql.datatype.float</link>
            <link type="object">com.mysql.rdbms.mysql.datatype.real</link>
            <link type="object">com.mysql.rdbms.mysql.datatype.double</link>
            <link type="object">com.mysql.rdbms.mysql.datatype.decimal</link>
            <link type="object">com.mysql.rdbms.mysql.datatype.char</link>
            <link type="object">com.mysql.rdbms.mysql.datatype.nchar</link>
            <link type="object">com.mysql.rdbms.mysql.datatype.varchar</link>
            <link type="object">com.mysql.rdbms.mysql.datatype.nvarchar</link>
            <link type="object">com.mysql.rdbms.mysql.datatype.binary</link>
            <link type="object">com.mysql.rdbms.mysql.datatype.varbinary</link>
            <link type="object">com.mysql.rdbms.mysql.datatype.tinytext</link>
            <link type="object">com.mysql.rdbms.mysql.datatype.text</link>
            <link type="object">com.mysql.rdbms.mysql.datatype.mediumtext</link>
            <link type="object">com.mysql.rdbms.mysql.datatype.longtext</link>
            <link type="object">com.mysql.rdbms.mysql.datatype.tinyblob</link>
            <link type="object">com.mysql.rdbms.mysql.datatype.blob</link>
            <link type="object">com.mysql.rdbms.mysql.datatype.mediumblob</link>
            <link type="object">com.mysql.rdbms.mysql.datatype.longblob</link>
            <link type="object">com.mysql.rdbms.mysql.datatype.json</link>
            <link type="object">com.mysql.rdbms.mysql.datatype.datetime</link>
            <link type="object">com.mysql.rdbms.mysql.datatype.datetime_f</link>
            <link type="object">com.mysql.rdbms.mysql.datatype.date</link>
            <link type="object">com.mysql.rdbms.mysql.datatype.time</link>
            <link type="object">com.mysql.rdbms.mysql.datatype.time_f</link>
            <link type="object">com.mysql.rdbms.mysql.datatype.year</link>
            <link type="object">com.mysql.rdbms.mysql.datatype.timestamp</link>
            <link type="object">com.mysql.rdbms.mysql.datatype.timestamp_f</link>
            <link type="object">com.mysql.rdbms.mysql.datatype.geometry</link>
            <link type="object">com.mysql.rdbms.mysql.datatype.point</link>
            <link type="object">com.mysql.rdbms.mysql.datatype.linestring</link>
            <link type="object">com.mysql.rdbms.mysql.datatype.polygon</link>
            <link type="object">com.mysql.rdbms.mysql.datatype.geometrycollection</link>
            <link type="object">com.mysql.rdbms.mysql.datatype.multipoint</link>
            <link type="object">com.mysql.rdbms.mysql.datatype.multilinestring</link>
            <link type="object">com.mysql.rdbms.mysql.datatype.multipolygon</link>
            <link type="object">com.mysql.rdbms.mysql.datatype.bit</link>
            <link type="object">com.mysql.rdbms.mysql.datatype.boolean</link>
            <link type="object">com.mysql.rdbms.mysql.datatype.enum</link>
            <link type="object">com.mysql.rdbms.mysql.datatype.set</link>
          </value>
          <value _ptr_="0000025D422D5A10" type="list" content-type="object" content-struct-name="db.UserDatatype" key="userDatatypes"/>
          <value _ptr_="0000025D422D5700" type="list" content-type="object" content-struct-name="db.User" key="users"/>
          <value type="object" struct-name="GrtVersion" id="{EA2FBEFD-E2E8-4A65-8AB9-FC3669C1CB5E}" struct-checksum="0x7aaa4ede" key="version">
            <value type="int" key="buildNumber">-1</value>
            <value type="int" key="majorNumber">8</value>
            <value type="int" key="minorNumber">0</value>
            <value type="int" key="releaseNumber">38</value>
            <value type="int" key="status">0</value>
            <value type="string" key="name">Version</value>
            <link type="object" struct-name="GrtObject" key="owner">{F3265CEB-E273-4CEC-AB6F-280A65C6AAF2}</link>
          </value>
          <value type="string" key="comment"></value>
          <value type="string" key="name">default</value>
          <value type="string" key="oldName"></value>
          <link type="object" struct-name="GrtObject" key="owner">{20140A29-6F48-4986-8304-4E87CB8153DA}</link>
        </value>
        <value type="string" key="connectionNotation">crowsfoot</value>
        <value _ptr_="0000025D422D6180" type="list" content-type="object" content-struct-name="db.mgmt.Connection" key="connections"/>
        <value _ptr_="0000025D422D5230" type="list" content-type="object" content-struct-name="workbench.physical.Diagram" key="diagrams">
          <value type="object" struct-name="workbench.physical.Diagram" id="{2FFA2030-848D-4E52-B943-96AF0C7ADF96}" struct-checksum="0x232c2434">
            <value type="int" key="closed">0</value>
            <value _ptr_="0000025D422E0B40" type="list" content-type="object" content-struct-name="model.Connection" key="connections">
              <value type="object" struct-name="workbench.physical.Connection" id="{3EB10E86-A8F7-491F-B6A7-F6895688F86A}" struct-checksum="0x9baebc92">
                <value type="string" key="caption">fk_usu&#xE1;rio_livro</value>
                <value type="real" key="captionXOffs">0</value>
                <value type="real" key="captionYOffs">0</value>
                <value type="string" key="comment"></value>
                <value type="real" key="endCaptionXOffs">0</value>
                <value type="real" key="endCaptionYOffs">0</value>
                <value type="string" key="extraCaption"></value>
                <value type="real" key="extraCaptionXOffs">0</value>
                <value type="real" key="extraCaptionYOffs">0</value>
                <link type="object" struct-name="db.ForeignKey" key="foreignKey">{C8CF38B9-8042-41B4-A528-F8774160E884}</link>
                <value type="real" key="middleSegmentOffset">0</value>
                <value type="real" key="startCaptionXOffs">0</value>
                <value type="real" key="startCaptionYOffs">0</value>
                <value type="int" key="drawSplit">0</value>
                <link type="object" struct-name="model.Figure" key="endFigure">{915FA9EC-3C3C-4B2D-9587-E1160F135A34}</link>
                <link type="object" struct-name="model.Figure" key="startFigure">{9D6B778A-7C6F-437D-8333-451DC42951B0}</link>
                <link type="object" struct-name="model.Diagram" key="owner">{2FFA2030-848D-4E52-B943-96AF0C7ADF96}</link>
                <value type="int" key="visible">1</value>
                <value type="string" key="name"></value>
              </value>
            </value>
            <value type="string" key="description"></value>
            <value _ptr_="0000025D422DF870" type="list" content-type="object" content-struct-name="model.Figure" key="figures">
              <value type="object" struct-name="workbench.physical.TableFigure" id="{9D6B778A-7C6F-437D-8333-451DC42951B0}" struct-checksum="0x3b14eccb">
                <value type="int" key="columnsExpanded">1</value>
                <value type="int" key="foreignKeysExpanded">0</value>
                <value type="int" key="indicesExpanded">1</value>
                <value type="int" key="summarizeDisplay">-1</value>
                <link type="object" struct-name="db.Table" key="table">{64658331-60DB-474D-AA33-23D2436FD3A3}</link>
                <value type="int" key="triggersExpanded">0</value>
                <value type="string" key="color">#98BFDA</value>
                <value type="int" key="expanded">1</value>
                <value type="real" key="height">234</value>
                <link type="object" struct-name="model.Layer" key="layer">{960A741B-9CA7-4CDF-B728-85546EC3D837}</link>
                <value type="real" key="left">43</value>
                <value type="int" key="locked">0</value>
                <value type="int" key="manualSizing">0</value>
                <value type="real" key="top">19</value>
                <value type="real" key="width">163</value>
                <link type="object" struct-name="model.Diagram" key="owner">{2FFA2030-848D-4E52-B943-96AF0C7ADF96}</link>
                <value type="int" key="visible">1</value>
                <value type="string" key="name">usu&#xE1;rio</value>
              </value>
              <value type="object" struct-name="workbench.physical.TableFigure" id="{915FA9EC-3C3C-4B2D-9587-E1160F135A34}" struct-checksum="0x3b14eccb">
                <value type="int" key="columnsExpanded">1</value>
                <value type="int" key="foreignKeysExpanded">0</value>
                <value type="int" key="indicesExpanded">1</value>
                <value type="int" key="summarizeDisplay">-1</value>
                <link type="object" struct-name="db.Table" key="table">{BCFE13BC-25C0-44C3-8A16-FA6456348081}</link>
                <value type="int" key="triggersExpanded">0</value>
                <value type="string" key="color">#98BFDA</value>
                <value type="int" key="expanded">1</value>
                <value type="real" key="height">225</value>
                <link type="object" struct-name="model.Layer" key="layer">{960A741B-9CA7-4CDF-B728-85546EC3D837}</link>
                <value type="real" key="left">513</value>
                <value type="int" key="locked">0</value>
                <value type="int" key="manualSizing">1</value>
                <value type="real" key="top">33</value>
                <value type="real" key="width">164</value>
                <link type="object" struct-name="model.Diagram" key="owner">{2FFA2030-848D-4E52-B943-96AF0C7ADF96}</link>
                <value type="int" key="visible">1</value>
                <value type="string" key="name">livro</value>
              </value>
            </value>
            <value type="real" key="height">1380.95</value>
            <value _ptr_="0000025D422DFA30" type="list" content-type="object" content-struct-name="model.Layer" key="layers"/>
            <value type="string" key="name">EER Diagram</value>
            <value _ptr_="0000025D446D39C0" type="dict" key="options"/>
            <link type="object" struct-name="model.Model" key="owner">{20140A29-6F48-4986-8304-4E87CB8153DA}</link>
            <value type="object" struct-name="workbench.physical.Layer" id="{960A741B-9CA7-4CDF-B728-85546EC3D837}" struct-checksum="0x1d14ca4b" key="rootLayer">
              <value type="string" key="color"></value>
              <value type="string" key="description"></value>
              <value _ptr_="0000025D422DF090" type="list" content-type="object" content-struct-name="model.Figure" key="figures">
                <link type="object">{9D6B778A-7C6F-437D-8333-451DC42951B0}</link>
                <link type="object">{915FA9EC-3C3C-4B2D-9587-E1160F135A34}</link>
              </value>
              <value _ptr_="0000025D422DF3A0" type="list" content-type="object" content-struct-name="model.Group" key="groups"/>
              <value type="real" key="height">1380.95</value>
              <value type="real" key="left">0</value>
              <value _ptr_="0000025D422E02F0" type="list" content-type="object" content-struct-name="model.Layer" key="subLayers"/>
              <value type="real" key="top">0</value>
              <value type="real" key="width">1972</value>
              <link type="object" struct-name="model.Diagram" key="owner">{2FFA2030-848D-4E52-B943-96AF0C7ADF96}</link>
              <value type="int" key="visible">1</value>
              <value type="string" key="name"></value>
            </value>
            <value _ptr_="0000025D422DF330" type="list" content-type="object" content-struct-name="model.Object" key="selection">
              <link type="object">{9D6B778A-7C6F-437D-8333-451DC42951B0}</link>
            </value>
            <value type="int" key="updateBlocked">0</value>
            <value type="real" key="width">1972</value>
            <value type="real" key="x">0</value>
            <value type="real" key="y">0</value>
            <value type="real" key="zoom">1</value>
          </value>
        </value>
        <value type="string" key="figureNotation">workbench/default</value>
        <value _ptr_="0000025D422D4C10" type="list" content-type="object" content-struct-name="GrtStoredNote" key="notes"/>
        <link type="object" struct-name="db.mgmt.Rdbms" key="rdbms">com.mysql.rdbms.mysql</link>
        <value _ptr_="0000025D422D5770" type="list" content-type="object" content-struct-name="db.Script" key="scripts"/>
        <value _ptr_="0000025D4230B8C0" type="dict" key="syncProfiles"/>
        <value _ptr_="0000025D422D5E00" type="list" content-type="object" content-struct-name="GrtObject" key="tagCategories">
          <value type="object" struct-name="GrtObject" id="{34CCA332-4ECE-4453-B807-B8060A54D896}" struct-checksum="0xd06d8c0f">
            <value type="string" key="name">Business Rule</value>
            <link type="object" struct-name="GrtObject" key="owner">{20140A29-6F48-4986-8304-4E87CB8153DA}</link>
          </value>
        </value>
        <value _ptr_="0000025D422D5000" type="list" content-type="object" content-struct-name="meta.Tag" key="tags"/>
        <link type="object" struct-name="model.Diagram" key="currentDiagram">{2FFA2030-848D-4E52-B943-96AF0C7ADF96}</link>
        <value _ptr_="0000025D4230B3E0" type="dict" key="customData"/>
        <value _ptr_="0000025D422D6110" type="list" content-type="object" content-struct-name="model.Marker" key="markers"/>
        <value _ptr_="0000025D4230B560" type="dict" key="options"/>
        <value type="string" key="name"></value>
        <link type="object" struct-name="GrtObject" key="owner">{CEB768EA-AF7F-4613-89D0-5DDB7D1C424F}</link>
      </value>
    </value>
    <value _ptr_="0000025D446E5340" type="dict" key="customData"/>
    <value type="object" struct-name="app.DocumentInfo" id="{268E078E-15DB-47D5-9C9F-7879462C1A04}" struct-checksum="0xbba780b8" key="info">
      <value type="string" key="author">ALUNO</value>
      <value type="string" key="caption">New Model</value>
      <value type="string" key="dateChanged">2024-10-01 18:14</value>
      <value type="string" key="dateCreated">2024-10-01 18:06</value>
      <value type="string" key="description"></value>
      <value type="string" key="project">Name of the project</value>
      <value type="string" key="version">1.0</value>
      <value type="string" key="name">Properties</value>
      <link type="object" struct-name="GrtObject" key="owner">{CEB768EA-AF7F-4613-89D0-5DDB7D1C424F}</link>
    </value>
    <value type="object" struct-name="app.PageSettings" id="{C73E8AD0-22FA-453B-964F-93CE6908DE75}" struct-checksum="0x7dc77977" key="pageSettings">
      <value type="real" key="marginBottom">14.46</value>
      <value type="real" key="marginLeft">6.35</value>
      <value type="real" key="marginRight">6.35</value>
      <value type="real" key="marginTop">6.35</value>
      <value type="string" key="orientation">portrait</value>
      <link type="object" struct-name="app.PaperType" key="paperType">com.mysql.wb.papertype.a4</link>
      <value type="real" key="scale">5</value>
      <value type="string" key="name"></value>
      <link type="object" struct-name="GrtObject" key="owner">{CEB768EA-AF7F-4613-89D0-5DDB7D1C424F}</link>
    </value>
    <value type="string" key="name"></value>
  </value>
</data>
